{
  "IcoMoonType": "selection",
  "icons": [
    {
      "icon": {
        "paths": [
          "M204.8 375.468v-68.268h614.4v68.268h-614.4zM204.8 546.132h614.4v-68.265h-614.4v68.265zM204.8 716.8h614.4v-68.268h-614.4v68.268z"
        ],
        "attrs": [
          {}
        ],
        "isMulticolor": false,
        "isMulticolor2": false,
        "grid": 0,
        "tags": [
          "menu_40px"
        ]
      },
      "attrs": [
        {}
      ],
      "properties": {
        "order": 24,
        "id": 1,
        "name": "menu-open",
        "prevSize": 32
      },
      "setIdx": 0,
      "setId": 3,
      "iconIdx": 0
    },
    {
      "icon": {
        "paths": [
          "M759.468 329.728l-48.128-48.128-190.807 190.804-190.804-190.804-48.128 48.128 190.804 190.804-190.804 190.807 48.128 48.128 190.804-190.807 190.807 190.807 48.128-48.128-190.807-190.807 190.807-190.804z"
        ],
        "attrs": [
          {}
        ],
        "isMulticolor": false,
        "isMulticolor2": false,
        "grid": 0,
        "tags": [
          "close_40px"
        ]
      },
      "attrs": [
        {}
      ],
      "properties": {
        "order": 23,
        "id": 0,
        "name": "close-menu",
        "prevSize": 32
      },
      "setIdx": 0,
      "setId": 3,
      "iconIdx": 1
    },
    {
      "icon": {
        "paths": [
          "M853.333 233.7l-63.033-63.033-249.856 249.856-249.856-249.856-63.033 63.033 249.856 249.856-249.856 249.856 63.033 63.033 249.856-249.856 249.856 249.856 63.033-63.033-249.856-249.856 249.856-249.856z"
        ],
        "attrs": [
          {}
        ],
        "isMulticolor": false,
        "isMulticolor2": false,
        "grid": 0,
        "tags": [
          "close"
        ],
        "colorPermutations": {
          "117117117117517718412552552551331502431": [
            {}
          ]
        }
      },
      "attrs": [
        {}
      ],
      "properties": {
        "order": 2,
        "id": 17,
        "name": "close",
        "prevSize": 32
      },
      "setIdx": 1,
      "setId": 2,
      "iconIdx": 0
    },
    {
      "icon": {
        "paths": [
          "M853.333 170.667h-682.667c-46.933 0-84.878 38.4-84.878 85.333l-0.455 512c0 46.933 38.4 85.333 85.333 85.333h682.667c46.933 0 85.333-38.4 85.333-85.333v-512c0-46.933-38.4-85.333-85.333-85.333zM836.267 352.028l-301.625 188.53c-6.44 4.025-14.262 6.413-22.642 6.413s-16.202-2.387-22.824-6.518l0.182 0.106-301.625-188.53c-10.74-6.421-17.82-17.988-17.82-31.209 0-20.014 16.224-36.238 36.238-36.238 7.441 0 14.359 2.243 20.114 6.090l-0.132-0.083 285.867 178.745 285.867-178.802c5.623-3.764 12.541-6.007 19.982-6.007 20.014 0 36.238 16.224 36.238 36.238 0 13.221-7.080 24.788-17.655 31.117l-0.165 0.092z"
        ],
        "attrs": [
          {}
        ],
        "isMulticolor": false,
        "isMulticolor2": false,
        "grid": 0,
        "tags": [
          "email-black"
        ],
        "colorPermutations": {
          "117117117117517718412552552551331502431": [
            {}
          ]
        }
      },
      "attrs": [
        {}
      ],
      "properties": {
        "order": 3,
        "id": 16,
        "name": "email-black",
        "prevSize": 32
      },
      "setIdx": 1,
      "setId": 2,
      "iconIdx": 1
    },
    {
      "icon": {
        "paths": [
          "M1237.333 0h-1109.333c-70.571 0-128 57.429-128 128v768c0 70.571 57.429 128 128 128h1109.333c70.571 0 128-57.429 128-128v-768c0-70.571-57.429-128-128-128zM1237.333 85.333c5.803 0 11.349 1.195 16.384 3.328l-571.051 494.933-571.051-494.933c4.836-2.091 10.465-3.313 16.378-3.328l0.006-0h1109.333zM1237.333 938.667h-1109.333c-23.564 0-42.667-19.103-42.667-42.667v0-717.227l569.344 493.483c7.448 6.5 17.256 10.464 27.989 10.464s20.541-3.963 28.040-10.507l-0.051 0.043 569.344-493.483v717.227c0 23.564-19.103 42.667-42.667 42.667v0z"
        ],
        "attrs": [
          {
            "fill": "rgb(117, 117, 117)"
          }
        ],
        "width": 1365,
        "isMulticolor": false,
        "isMulticolor2": false,
        "grid": 0,
        "tags": [
          "envelope"
        ],
        "colorPermutations": {
          "117117117117517718412552552551331502431": [
            {
              "f": 0
            }
          ]
        }
      },
      "attrs": [
        {
          "fill": "rgb(117, 117, 117)"
        }
      ],
      "properties": {
        "order": 4,
        "id": 15,
        "name": "envelope",
        "prevSize": 32
      },
      "setIdx": 1,
      "setId": 2,
      "iconIdx": 2
    },
    {
      "icon": {
        "paths": [
          "M682.496 169.984h93.542v-162.816c-39.438-4.57-85.133-7.177-131.438-7.177-1.672 0-3.343 0.003-5.013 0.010l0.259-0.001c-134.81 0-227.174 84.787-227.174 240.64v143.36h-148.685v182.016h148.685v457.984h182.374v-457.933h142.694l22.682-182.016h-165.427v-125.491c0-52.582 14.182-88.576 87.501-88.576z"
        ],
        "attrs": [
          {
            "fill": "rgb(175, 177, 184)"
          }
        ],
        "isMulticolor": false,
        "isMulticolor2": false,
        "grid": 0,
        "tags": [
          "facebook"
        ],
        "colorPermutations": {
          "117117117117517718412552552551331502431": [
            {
              "f": 2
            }
          ]
        }
      },
      "attrs": [
        {
          "fill": "rgb(175, 177, 184)"
        }
      ],
      "properties": {
        "order": 5,
        "id": 14,
        "name": "facebook",
        "prevSize": 32
      },
      "setIdx": 1,
      "setId": 2,
      "iconIdx": 3
    },
    {
      "icon": {
        "paths": [
          "M130.723 0l152.685 144.537-283.408-0.174v701.287h740.766v-268.135l152.511 144.384v-721.898h-762.553zM734.055 560.542l-432.912-409.818h432.912v409.818zM599.65 743.054h-482.435v-471.606h34.097v439.688h448.338v31.918zM231.163 939.030l-17.822 36.711-17.822-36.711h-14.946l26.014 48.934v28.519h13.508v-28.519l25.949-48.934h-14.881zM253.56 1016.483l6.275-18.040h30.001l6.318 18.040h14.053l-29.304-77.454h-12.092l-29.238 77.454h13.987zM274.824 955.479l11.22 32.114h-22.441l11.22-32.136zM345.785 985.742c-1.83 2.73-2.92 6.089-2.92 9.703 0 0.043 0 0.086 0 0.129l-0-0.007c0 6.536 2.288 11.83 6.863 15.905 4.597 4.052 10.741 6.079 18.41 6.079 7.647 0 14.249-2.092 19.783-6.231l4.357 5.164h14.99l-11.373-13.465c4.466-6.1 6.689-13.922 6.689-23.465h-11.22c0 5.229-1.089 9.957-3.225 14.205l-14.968-17.648 5.273-3.835c3.205-2.173 5.881-4.863 7.973-7.978l0.066-0.105c1.533-2.513 2.441-5.553 2.441-8.805 0-0.045-0-0.090-0.001-0.135l0 0.007c0.002-0.090 0.003-0.196 0.003-0.302 0-4.769-2.093-9.049-5.41-11.971l-0.018-0.015c-3.443-3.118-8.032-5.026-13.067-5.026-0.27 0-0.539 0.005-0.806 0.016l0.038-0.001c-6.231 0-11.199 1.787-14.881 5.316-3.704 3.53-5.534 8.301-5.534 14.38 0 2.484 0.588 5.033 1.743 7.713 1.22 2.658 3.333 5.883 6.318 9.674-5.73 4.118-9.586 7.669-11.525 10.676zM380.732 1002.866c-3.315 2.685-7.574 4.323-12.215 4.357l-0.008 0c-0.187 0.010-0.405 0.015-0.625 0.015-3.335 0-6.372-1.281-8.643-3.378l0.009 0.008c-2.144-2.108-3.472-5.040-3.472-8.282 0-0.152 0.003-0.304 0.009-0.455l-0.001 0.022c0-4.14 2.135-7.843 6.384-11.068l1.656-1.177 16.907 19.957zM366.853 968.551c-3.66-4.51-5.49-8.236-5.49-11.22 0-2.593 0.763-4.728 2.244-6.427 1.396-1.584 3.43-2.578 5.696-2.578 0.112 0 0.223 0.002 0.333 0.007l-0.016-0.001c0.083-0.003 0.181-0.005 0.278-0.005 2.136 0 4.079 0.831 5.521 2.187l-0.004-0.004c1.525 1.438 2.288 3.159 2.288 5.164 0.003 0.085 0.004 0.184 0.004 0.284 0 2.881-1.271 5.465-3.283 7.223l-0.011 0.010-1.656 1.307-5.904 4.052zM492.914 1010.623c5.316-4.641 8.366-11.111 9.151-19.347h-13.399c-0.719 5.534-2.397 9.477-5.055 11.852-2.658 2.397-6.645 3.573-11.918 3.573-5.774 0-10.175-2.201-13.181-6.602-2.985-4.401-4.488-10.785-4.488-19.173v-6.841c0.087-8.279 1.678-14.51 4.793-18.781 3.159-4.292 7.669-6.427 13.508-6.427 5.033 0 8.846 1.242 11.438 3.704 2.614 2.462 4.249 6.471 4.902 12.027h13.399c-0.871-8.475-3.878-15.033-9.107-19.674-5.207-4.641-12.092-6.972-20.633-6.972-6.34 0-11.939 1.525-16.798 4.532-4.868 3.114-8.684 7.489-11.037 12.67l-0.075 0.184c-2.47 5.418-3.909 11.752-3.909 18.421 0 0.318 0.003 0.635 0.010 0.951l-0.001-0.047v7.233c0.109 7.124 1.438 13.377 3.987 18.781 2.571 5.381 6.188 9.543 10.85 12.484 4.728 2.919 10.175 4.357 16.34 4.357 8.824 0 15.905-2.288 21.221-6.907zM572.002 999.773c2.614-5.752 3.943-12.419 3.943-20.001v-4.292c0.004-0.232 0.006-0.506 0.006-0.78 0-6.905-1.495-13.461-4.178-19.362l0.12 0.294c-2.462-5.468-6.356-9.922-11.209-13.001l-0.121-0.071c-4.859-3.050-10.436-4.575-16.754-4.575s-11.896 1.525-16.798 4.619c-4.859 3.050-8.628 7.451-11.329 13.247-2.525 5.606-3.997 12.153-3.997 19.043 0 0.337 0.004 0.673 0.011 1.008l-0.001-0.050v4.357c0.044 7.408 1.373 13.944 4.031 19.609 2.702 5.686 6.493 10.066 11.395 13.159 4.924 3.050 10.523 4.575 16.798 4.575 6.362 0 11.961-1.525 16.82-4.575 4.88-3.094 8.65-7.495 11.264-13.203zM557.601 955.98c3.268 4.575 4.88 11.177 4.88 19.761v4.031c0 8.715-1.612 15.36-4.837 19.892-3.181 4.554-7.756 6.819-13.726 6.819-0.166 0.006-0.36 0.010-0.555 0.010-5.48 0-10.32-2.742-13.223-6.928l-0.035-0.053c-3.312-4.641-4.946-11.22-4.946-19.739v-4.466c0.065-8.323 1.743-14.772 4.989-19.303 2.913-4.175 7.693-6.873 13.103-6.873 0.196 0 0.392 0.004 0.586 0.011l-0.028-0.001c5.97 0 10.567 2.288 13.791 6.863z"
        ],
        "attrs": [
          {
            "fill": "rgb(175, 177, 184)"
          }
        ],
        "width": 893,
        "isMulticolor": false,
        "isMulticolor2": false,
        "grid": 0,
        "tags": [
          "group1"
        ],
        "colorPermutations": {
          "117117117117517718412552552551331502431": [
            {
              "f": 2
            }
          ]
        }
      },
      "attrs": [
        {
          "fill": "rgb(175, 177, 184)"
        }
      ],
      "properties": {
        "order": 6,
        "id": 13,
        "name": "group1",
        "prevSize": 32
      },
      "setIdx": 1,
      "setId": 2,
      "iconIdx": 4
    },
    {
      "icon": {
        "paths": [
          "M336.994 57.797h-2.678c-4.135-0.256-8.271-0.354-12.406-0.453h-8.96c-7.818 0-15.793 0.197-23.71 0.591-0.271-0.021-0.587-0.033-0.906-0.033s-0.635 0.012-0.947 0.036l0.042-0.003c-76.027 4.434-146.607 23.452-210.409 54.283l3.325-1.449-8.507 4.096v436.027l19.929-6.774c17.487-6.006 36.116-11.422 55.394-16.423 47.629-12.741 102.453-20.418 158.95-21.164l0.459-0.005v57.285c-7.129 0.039-14.041 0.236-20.972 0.591h-1.654c-44.763 2.514-86.703 9.233-127.080 19.813l4.436-0.988c-55.495 14.11-104.126 33.616-149.325 58.574l3.208-1.624v-559.202c44.128-26.234 95.171-47.612 149.229-61.464l4.056-0.882c43.305-11.645 93.057-18.43 144.363-18.629l0.119-0h8.409c10.063 0.256 19.889 0.709 29.105 1.398 26.542 1.909 51.111 5.986 74.857 12.111l-2.882-0.631v56.379c-20.095-4.925-43.926-8.658-68.301-10.431l-1.449-0.085-1.418-0.118c-4.864-0.414-9.728-0.827-14.277-0.827zM436.244 115.417c12.505 0.965 25.442 1.418 38.558 1.418 54.056-0.211 106.361-7.31 156.206-20.464l-4.32 0.969c55.477-14.159 104.076-33.668 149.264-58.602l-3.226 1.632v549.218c-44.144 26.214-95.204 47.591-149.274 61.46l-4.070 0.886c-43.294 11.601-93.039 18.369-144.33 18.589l-0.133 0c-1.054 0.009-2.3 0.014-3.548 0.014-37.652 0-74.202-4.716-109.092-13.591l3.052 0.658v-552.802c8.468 1.969 17.191 3.761 26.053 5.258 12.241 2.186 27.621 4.087 43.204 5.258l1.635 0.099zM715.756 119.69l-19.929 6.695c-18.314 6.164-36.825 11.678-55.394 16.581-49.619 13.281-106.625 21.012-165.403 21.228l-0.131 0c-12.997 0-24.97-0.354-36.529-1.103l-15.872-1.044v448.532l13.647 1.182c12.642 1.122 25.698 1.674 38.853 1.674 46.412-0.204 91.298-6.349 134.059-17.711l-3.696 0.835c39.076-9.93 72.978-22.463 105.123-38.052l-3.255 1.424 8.527-4.096v-436.145z",
          "M53.898 831.252c-5.351-5.539-12.844-8.977-21.141-8.977-0.356 0-0.711 0.006-1.064 0.019l0.051-0.001c-0.132-0.002-0.287-0.003-0.442-0.003-4.454 0-8.701 0.884-12.576 2.486l0.219-0.080c-7.57 3.035-13.436 8.965-16.317 16.384l-0.067 0.196c-1.575 3.938-2.363 8.133-2.304 12.367v74.713c-0.197 5.258 0.827 10.496 2.934 15.321 1.772 3.84 4.313 7.247 7.483 10.023 2.974 2.501 6.498 4.332 10.24 5.317 3.643 1.004 7.404 1.536 11.166 1.536 4.175 0.039 8.271-0.847 12.052-2.599 11.216-4.979 18.898-16.016 18.905-28.848l0-0.001v-8.35h-19.535v6.656c0.003 0.12 0.005 0.261 0.005 0.402 0 2.25-0.428 4.399-1.207 6.372l0.041-0.118c-0.667 1.651-1.629 3.055-2.832 4.21l-0.004 0.004c-2.239 1.74-5.076 2.807-8.161 2.855l-0.011 0c-0.343 0.042-0.74 0.066-1.143 0.066-3.282 0-6.192-1.597-7.994-4.056l-0.019-0.028c-1.642-2.635-2.615-5.834-2.615-9.26 0-0.261 0.006-0.522 0.017-0.78l-0.001 0.037v-69.671c-0.118-3.86 0.709-7.68 2.402-11.166 1.805-2.771 4.888-4.577 8.393-4.577 0.408 0 0.81 0.024 1.205 0.072l-0.048-0.005c0.11-0.004 0.24-0.007 0.37-0.007 3.414 0 6.443 1.649 8.334 4.193l0.020 0.028c2.030 2.639 3.254 5.991 3.254 9.629 0 0.139-0.002 0.277-0.005 0.415l0-0.020v6.459h19.318v-7.621c0.001-0.101 0.002-0.22 0.002-0.339 0-4.582-0.875-8.96-2.468-12.975l0.083 0.238c-1.532-4.084-3.752-7.583-6.55-10.529l0.013 0.013zM169.925 830.425c-5.954-5.066-13.715-8.169-22.2-8.231l-0.013-0c-3.978 0-7.936 0.729-11.658 2.107-8.059 2.891-14.422 8.818-17.822 16.367l-0.078 0.194c-1.969 4.549-2.954 9.492-2.855 14.474v71.641c-0.118 5.041 0.847 10.043 2.855 14.671 1.772 3.86 4.332 7.286 7.562 10.023 2.993 2.757 6.498 4.923 10.319 6.302 3.742 1.378 7.68 2.087 11.658 2.107 8.533-0.021 16.318-3.204 22.249-8.44l-0.036 0.032c3.111-2.796 5.632-6.203 7.365-10.023 2.009-4.608 2.974-9.63 2.855-14.671v-71.66c0.004-0.186 0.006-0.405 0.006-0.625 0-5-1.053-9.754-2.949-14.053l0.088 0.223c-1.821-4.091-4.305-7.57-7.351-10.463l-0.014-0.013zM160.807 926.996c0.031 0.335 0.049 0.724 0.049 1.118 0 3.633-1.504 6.915-3.924 9.257l-0.004 0.003c-2.469 2.080-5.685 3.344-9.196 3.344s-6.727-1.264-9.218-3.362l0.022 0.018c-2.424-2.339-3.929-5.616-3.929-9.245 0-0.399 0.018-0.794 0.054-1.183l-0.004 0.050v-71.66c-0.030-0.329-0.047-0.713-0.047-1.1 0-3.632 1.504-6.914 3.923-9.255l0.003-0.003c2.469-2.080 5.685-3.344 9.196-3.344s6.727 1.264 9.218 3.362l-0.022-0.018c2.423 2.336 3.929 5.61 3.929 9.235 0 0.395-0.018 0.786-0.053 1.172l0.004-0.050v71.68zM322.304 959.015v-135.68h-18.767l-24.674 71.818h-0.335l-24.871-71.798h-18.57v135.641h19.377v-82.511h0.354l18.964 58.329h9.669l19.141-58.329h0.335v82.511h19.377zM432.404 832.866c-2.974-3.348-6.754-5.908-10.949-7.424-3.977-1.34-8.556-2.114-13.316-2.114-0.262 0-0.523 0.002-0.783 0.007l0.039-0.001h-28.79v135.68h19.338v-52.992h9.964c6.026 0.276 12.012-1.004 17.428-3.702 4.434-2.497 8.027-6.015 10.543-10.248l0.071-0.13c2.225-3.604 3.742-7.621 4.431-11.815 0.669-4.269 1.051-9.192 1.051-14.205 0-0.427-0.003-0.853-0.008-1.278l0.001 0.064c0.197-6.498-0.453-13.036-1.89-19.377-1.368-4.884-3.838-9.082-7.135-12.472l0.006 0.007zM422.439 874.22c-0.082 2.589-0.728 5.010-1.817 7.167l0.045-0.098c-1.125 2.085-2.847 3.725-4.936 4.718l-0.066 0.028c-2.385 1.098-5.176 1.739-8.116 1.739-0.352 0-0.703-0.009-1.051-0.027l0.049 0.002h-8.802v-46.119h9.945c0.278-0.015 0.603-0.023 0.93-0.023 2.828 0 5.509 0.633 7.907 1.765l-0.113-0.048c1.995 1.161 3.558 2.876 4.501 4.934l0.028 0.068c1.063 2.383 1.634 4.962 1.694 7.562v9.019c0 3.151 0.197 6.42 0 9.314h-0.197zM523.973 823.335h-15.852l-29.893 135.68h19.338l5.671-29.145h26.348l5.691 29.145h19.338l-30.641-135.68zM506.132 911.38l9.511-49.172h0.354l9.452 49.172h-19.318zM648.862 905.058h-0.354l-29.184-81.723h-18.59v135.68h19.338v-81.585h0.394l29.538 81.566h18.176v-135.641h-19.318v81.723zM766.976 823.335l-15.557 53.957h-0.394l-15.557-53.957h-20.441l26.545 78.336v57.324h19.338v-57.324l26.545-78.316h-20.48zM0 997.317h9.314v26.132h6.321v-26.151h9.255v-5.356h-24.891v5.376zM78.316 991.941l-12.209 31.508h6.715l2.599-7.168h12.544l2.698 7.168h6.892l-12.524-31.508h-6.715zM77.332 1010.983l4.273-11.678 4.273 11.678h-8.566zM155.727 1011.83h7.286v4.057c-2.030 1.641-4.638 2.64-7.479 2.658l-0.004 0c-0.135 0.008-0.293 0.013-0.451 0.013-2.524 0-4.774-1.176-6.232-3.009l-0.013-0.016c-1.466-2.094-2.343-4.694-2.343-7.5 0-0.251 0.007-0.499 0.021-0.746l-0.002 0.034c0-7.010 3.033-10.516 9.058-10.516 0.205-0.022 0.442-0.035 0.683-0.035 3.104 0 5.711 2.132 6.436 5.011l0.010 0.046 6.223-1.221c-1.339-6.144-5.77-9.255-13.351-9.255-0.125-0.004-0.272-0.006-0.419-0.006-4.078 0-7.796 1.542-10.603 4.075l0.014-0.012c-2.825 2.787-4.574 6.657-4.574 10.936 0 0.413 0.016 0.823 0.048 1.228l-0.003-0.054c-0.010 0.217-0.015 0.473-0.015 0.729 0 4.236 1.532 8.115 4.073 11.111l-0.021-0.025c2.782 2.874 6.675 4.658 10.985 4.658 0.341 0 0.679-0.011 1.014-0.033l-0.046 0.002c0.153 0.004 0.332 0.007 0.512 0.007 4.962 0 9.478-1.912 12.851-5.040l-0.012 0.011v-12.406h-13.647v5.317zM234.772 991.941h-6.341v31.508h22.055v-5.356h-15.695v-26.151zM301.647 991.941h-6.38v31.508h6.38v-31.508zM366.986 1012.972l-12.898-21.031h-6.183v31.508h5.927v-20.578l12.662 20.578h6.321v-31.508h-5.829v21.051zM426.082 1009.566h15.695v-5.356h-15.695v-6.892h16.876v-5.376h-23.257v31.508h23.906v-5.356h-17.526v-8.527zM569.344 1004.367h-12.406v-12.406h-6.302v31.488h6.302v-13.785h12.406v13.785h6.341v-31.508h-6.341v12.426zM628.775 1009.566h15.754v-5.356h-15.754v-6.892h16.935v-5.376h-23.237v31.508h23.867v-5.356h-17.526v-8.527zM709.376 1009.585c5.474-0.866 8.271-3.761 8.271-8.763 0.033-0.265 0.052-0.572 0.052-0.884 0-2.514-1.23-4.741-3.122-6.112l-0.022-0.015c-2.327-1.194-5.076-1.893-7.989-1.893-0.432 0-0.86 0.015-1.284 0.046l0.057-0.003h-13.351v31.488h6.341v-13.174h1.241c0.152-0.010 0.329-0.015 0.508-0.015 1.242 0 2.421 0.267 3.484 0.746l-0.054-0.022c0.926 0.571 1.694 1.359 2.245 2.304l6.873 10.004h7.562l-3.84-6.144c-1.735-3.074-4.082-5.611-6.894-7.512l-0.077-0.049zM702.996 1005.214h-4.667v-7.897h4.982c0.399-0.034 0.863-0.054 1.332-0.054 1.818 0 3.568 0.293 5.205 0.836l-0.117-0.034c0.846 0.76 1.375 1.858 1.375 3.079 0 1.355-0.652 2.559-1.66 3.313l-0.011 0.008c-1.574 0.499-3.384 0.787-5.261 0.787-0.415 0-0.826-0.014-1.233-0.042l0.055 0.003zM770.166 1009.566h15.675v-5.356h-15.675v-6.892h16.935v-5.376h-23.316v31.508h23.906v-5.356h-17.526v-8.527z"
        ],
        "attrs": [
          {
            "fill": "rgb(175, 177, 184)"
          },
          {
            "fill": "rgb(175, 177, 184)"
          }
        ],
        "width": 788,
        "isMulticolor": false,
        "isMulticolor2": false,
        "grid": 0,
        "tags": [
          "group2"
        ],
        "colorPermutations": {
          "117117117117517718412552552551331502431": [
            {
              "f": 2
            },
            {
              "f": 2
            }
          ]
        }
      },
      "attrs": [
        {
          "fill": "rgb(175, 177, 184)"
        },
        {
          "fill": "rgb(175, 177, 184)"
        }
      ],
      "properties": {
        "order": 7,
        "id": 12,
        "name": "group2",
        "prevSize": 32
      },
      "setIdx": 1,
      "setId": 2,
      "iconIdx": 5
    },
    {
      "icon": {
        "paths": [
          "M180.565 1002.082c0.39 0 0.78 0.098 1.122 0.244 0.368 0.142 0.683 0.34 0.953 0.587l-0.002-0.002 5.315 5.071c-4.145 4.12-9.24 7.412-14.97 9.655-5.9 2.203-12.717 3.478-19.831 3.478-0.485 0-0.969-0.006-1.452-0.018l0.072 0.001c-6.827 0.122-13.605-0.975-19.919-3.243-5.824-2.117-10.824-5.217-15.046-9.143l0.027 0.025c-4.101-3.877-7.386-8.57-9.603-13.824l-0.1-0.268c-2.161-5.204-3.416-11.249-3.416-17.587 0-0.177 0.001-0.354 0.003-0.53l-0 0.027c-0.007-0.277-0.010-0.603-0.010-0.929 0-12.415 5.383-23.574 13.942-31.268l0.038-0.034c4.535-3.974 9.972-7.095 15.945-9.192 6.558-2.194 13.531-3.291 20.553-3.218 0.377-0.009 0.821-0.015 1.267-0.015 6.371 0 12.491 1.077 18.188 3.058l-0.388-0.118c5.266 1.999 10.118 4.754 14.312 8.168l-4.462 5.413c-0.315 0.385-0.685 0.709-1.103 0.964l-0.019 0.011c-0.444 0.267-0.98 0.425-1.552 0.425-0.089 0-0.177-0.004-0.263-0.011l0.011 0.001c-0.722-0.033-1.389-0.237-1.972-0.572l0.021 0.011-2.365-1.463-3.34-1.853c-3.039-1.481-6.565-2.605-10.27-3.19l-0.214-0.028c-2.208-0.375-4.752-0.589-7.346-0.589-0.203 0-0.406 0.001-0.608 0.004l0.031-0c-0.145-0.002-0.317-0.003-0.489-0.003-5.112 0-10.015 0.894-14.561 2.535l0.299-0.094c-4.48 1.576-8.335 3.899-11.611 6.853l0.030-0.027c-3.291 3.121-5.851 6.827-7.509 10.85-1.714 4.084-2.71 8.831-2.71 13.81 0 0.176 0.001 0.352 0.004 0.528l-0-0.027c-0.003 0.177-0.005 0.385-0.005 0.594 0 5.031 0.996 9.83 2.802 14.209l-0.091-0.248c1.634 3.998 4.145 7.656 7.387 10.801 3.048 2.926 6.827 5.242 11.045 6.705 4.34 1.56 8.997 2.341 13.678 2.316 2.731 0.024 5.437-0.122 8.119-0.463 6.765-0.698 12.794-3.401 17.599-7.498l-0.045 0.037c0.682-0.555 1.554-0.9 2.506-0.926l0.006-0zM334.117 976.555c0.002 0.161 0.003 0.35 0.003 0.541 0 6.299-1.32 12.29-3.698 17.712l0.111-0.283c-2.359 5.506-5.747 10.16-9.957 13.912l-0.039 0.034c-4.413 3.927-9.648 7.041-15.403 9.045l-0.323 0.098c-6.034 2.052-12.985 3.236-20.212 3.236s-14.178-1.184-20.668-3.37l0.457 0.133c-6.030-2.145-11.221-5.271-15.649-9.231l0.045 0.039c-4.259-3.855-7.68-8.549-10.015-13.831l-0.103-0.261c-2.268-5.312-3.587-11.493-3.587-17.981s1.319-12.669 3.703-18.288l-0.116 0.307c2.267-5.266 5.705-10.069 10.118-14.141 4.437-3.877 9.752-6.875 15.604-8.85 6.030-2.089 12.98-3.295 20.212-3.295s14.182 1.206 20.66 3.429l-0.448-0.134c5.9 2.072 11.24 5.193 15.677 9.167 4.389 4.023 7.802 8.777 10.045 13.922 2.462 5.803 3.682 11.922 3.584 18.091zM320.171 976.555c0.005-0.225 0.007-0.491 0.007-0.757 0-4.927-0.933-9.636-2.633-13.961l0.090 0.259c-3.233-8.317-9.856-14.7-18.125-17.541l-0.209-0.062c-4.384-1.501-9.436-2.367-14.69-2.367s-10.305 0.866-15.019 2.464l0.329-0.097c-4.368 1.553-8.115 3.879-11.255 6.841l0.016-0.015c-3.099 2.948-5.54 6.556-7.101 10.602l-0.067 0.198c-1.605 4.294-2.534 9.255-2.534 14.434s0.929 10.14 2.629 14.727l-0.095-0.293c3.227 8.332 9.888 14.714 18.2 17.494l0.208 0.060c9.46 3.096 19.895 3.096 29.379 0 4.267-1.487 8.119-3.803 11.215-6.754 3.194-3.145 5.608-6.827 7.119-10.801 1.78-4.632 2.633-9.533 2.536-14.434zM438.882 991.695l1.414 3.218c0.512-1.146 0.975-2.194 1.512-3.218 0.512-1.097 1.097-2.146 1.731-3.17l33.963-53.662c0.683-0.926 1.268-1.512 1.95-1.682 0.699-0.193 1.502-0.304 2.33-0.304 0.158 0 0.315 0.004 0.471 0.012l-0.022-0.001h10.045v87.284h-11.898v-66.877c-0.031-0.452-0.048-0.98-0.048-1.512s0.017-1.060 0.052-1.583l-0.004 0.071-34.206 54.418c-0.47 0.841-1.151 1.515-1.973 1.962l-0.026 0.013c-0.829 0.461-1.818 0.732-2.871 0.732-0.019 0-0.039-0-0.058-0l0.003 0h-1.926c-0.022 0-0.047 0-0.073 0-1.046 0-2.029-0.271-2.883-0.747l0.030 0.015c-0.84-0.461-1.514-1.135-1.962-1.95l-0.013-0.025-35.182-54.76v70.046h-11.483v-87.089h10.021c0.139-0.008 0.303-0.012 0.467-0.012 0.831 0 1.636 0.111 2.401 0.319l-0.064-0.015c0.829 0.366 1.463 0.951 1.853 1.682l34.694 53.711c0.683 0.975 1.268 2.024 1.731 3.121zM566.711 987.355v32.67h-13.263v-87.138h29.647c5.608-0.098 11.191 0.561 16.555 1.902 4.291 1.073 8.29 2.926 11.703 5.437 2.836 2.249 5.088 5.11 6.574 8.392l0.057 0.141c1.585 3.56 2.341 7.363 2.267 11.166 0.004 0.164 0.006 0.357 0.006 0.55 0 7.869-3.758 14.86-9.577 19.277l-0.060 0.044c-3.413 2.609-7.412 4.584-11.776 5.754-4.486 1.291-9.638 2.034-14.964 2.034-0.371 0-0.74-0.004-1.109-0.011l-16.036-0.243zM566.711 977.993h16.091c3.486 0.049 6.973-0.414 10.313-1.317 2.846-0.839 5.324-2.124 7.489-3.794l-0.053 0.039c3.735-3.095 6.096-7.734 6.096-12.925 0-0.067-0-0.135-0.001-0.202l0 0.010c0.019-0.28 0.030-0.608 0.030-0.938 0-2.233-0.496-4.35-1.384-6.247l0.038 0.090c-1.118-2.367-2.683-4.354-4.603-5.925l-0.030-0.024c-4.441-2.982-9.908-4.759-15.79-4.759-0.741 0-1.476 0.028-2.202 0.084l0.097-0.006h-16.091v35.913zM745.399 1020.148h-10.484c-0.060 0.003-0.13 0.004-0.2 0.004-1.014 0-1.957-0.302-2.744-0.82l0.019 0.012c-0.741-0.52-1.335-1.201-1.741-1.993l-0.014-0.031-9.021-21.065h-45.422l-9.362 21.065c-0.377 0.802-0.942 1.461-1.642 1.94l-0.016 0.011c-0.792 0.551-1.774 0.88-2.833 0.88-0.058 0-0.116-0.001-0.174-0.003l0.008 0h-10.484l39.863-87.284h13.824l40.424 87.284zM679.57 987.746h37.522l-15.848-35.523c-1.195-2.682-2.194-5.413-2.974-8.192l-1.536 4.559c-0.524 1.542-1.018 2.767-1.569 3.962l0.106-0.256-15.677 35.45zM802.84 933.303c0.78 0.366 1.463 0.902 1.999 1.536l58.149 65.804v-67.755h11.898v87.284h-6.632c-0.044 0.001-0.097 0.002-0.149 0.002-0.934 0-1.821-0.198-2.623-0.554l0.041 0.016c-0.826-0.419-1.528-0.958-2.116-1.603l-0.005-0.006-58.1-65.731c0.030 0.448 0.047 0.972 0.047 1.499s-0.017 1.051-0.051 1.57l0.004-0.071v64.853h-11.898v-87.284h7.046c0.805 0 1.634 0.146 2.389 0.414zM972.873 985.454v34.645h-13.288v-34.621l-36.766-52.565h11.898c0.089-0.006 0.193-0.009 0.297-0.009 0.948 0 1.831 0.276 2.575 0.752l-0.019-0.011c0.731 0.585 1.341 1.243 1.804 1.975l22.991 33.914c1.572 2.228 2.936 4.778 3.968 7.491l0.079 0.238 1.755-3.755c0.634-1.365 1.39-2.682 2.243-3.974l22.674-34.133c0.494-0.705 1.057-1.315 1.691-1.841l0.015-0.012c0.725-0.538 1.638-0.86 2.626-0.86 0.088 0 0.176 0.003 0.263 0.008l-0.012-0.001h12.044l-36.815 52.785zM432.299 786.432c5.803 0.634 11.654 1.146 17.554 1.609 89.722-34.865 165.571-91.916 218.161-164.035 52.565-72.119 79.506-156.111 77.458-241.469l-98.84-85.87c20.090 90.868 10.679 184.808-27.16 271.311-37.864 86.504-102.644 162.133-187.173 218.453z",
          "M397.019 782.434l2.658 0.488c90.307-56.149 159.134-134.51 197.632-224.987s44.861-188.928 18.286-282.575l-140.8-122.319c56.93 100.547 79.872 213.090 66.072 324.51-13.751 111.421-63.634 217.137-143.848 304.884zM874.496 483.377c-23.918 93.794-82.018 178.371-165.644 241.201-22.844 17.383-48.623 33.683-75.775 47.695l-2.951 1.384c68.12-17.384 130.706-48.128 182.979-89.868s92.818-93.355 118.491-150.845l-57.1-49.566z",
          "M852.090 469.577l-81.286-70.632c-1.56 80.53-27.916 159.232-76.312 227.913-48.421 68.706-117.126 124.879-198.949 162.694h0.39c18.237 0 36.45-0.975 54.565-2.828 76.483-27.136 144.067-70.29 196.681-125.635 52.638-55.345 88.674-121.125 104.911-191.512zM408.771 101.425l-96.987-84.358c-86.699 29.111-161.256 80.286-213.943 146.822-52.663 66.56-80.994 145.359-81.262 226.109 0.317 89.234 34.889 175.835 98.255 246.077 63.317 70.217 151.82 120.125 251.465 141.751 88.966-94.159 141.044-210.505 148.675-332.142 7.631-121.661-29.574-242.225-106.203-344.259zM1076.175 456.582c-0.341-105.862-48.908-207.311-135.070-282.185-86.162-74.85-202.947-117.053-324.803-117.37-0.267-0-0.583-0.001-0.899-0.001-58.583 0-114.888 9.755-167.378 27.73l3.633-1.081 593.798 515.901c19.353-42.026 30.662-91.182 30.72-142.973l0-0.021z"
        ],
        "attrs": [
          {
            "fill": "rgb(175, 177, 184)"
          },
          {
            "fill": "rgb(175, 177, 184)"
          },
          {
            "fill": "rgb(175, 177, 184)"
          }
        ],
        "width": 1097,
        "isMulticolor": false,
        "isMulticolor2": false,
        "grid": 0,
        "tags": [
          "group3"
        ],
        "colorPermutations": {
          "117117117117517718412552552551331502431": [
            {
              "f": 2
            },
            {
              "f": 2
            },
            {
              "f": 2
            }
          ]
        }
      },
      "attrs": [
        {
          "fill": "rgb(175, 177, 184)"
        },
        {
          "fill": "rgb(175, 177, 184)"
        },
        {
          "fill": "rgb(175, 177, 184)"
        }
      ],
      "properties": {
        "order": 8,
        "id": 11,
        "name": "group3",
        "prevSize": 32
      },
      "setIdx": 1,
      "setId": 2,
      "iconIdx": 6
    },
    {
      "icon": {
        "paths": [
          "M320.512 319.464h-0.073c-58.466 0-105.862 42.106-105.862 94.086v0.049c0 51.956 47.397 94.086 105.862 94.086h0.073c58.466 0 105.862-42.13 105.862-94.086v-0.049c0-51.98-47.397-94.11-105.862-94.11zM1101.897 289.402c-0.171-72.168-32.5-141.361-89.917-192.39-57.393-51.029-135.241-79.774-216.43-79.945-81.237 0.122-159.11 28.867-216.552 79.896-57.442 51.054-89.795 120.222-89.966 192.414v397.97s612.791-60.66 612.864-397.897v-0.073zM0 817.981c0.146 50.225 22.674 98.328 62.61 133.851 39.936 35.499 94.086 55.515 150.577 55.662 56.491-0.146 110.616-20.163 150.577-55.662 39.936-35.499 62.464-83.602 62.61-133.803v-276.919s-426.374 42.252-426.374 276.87zM213.187 867.572c-11.045 0-21.821-2.901-31.013-8.363-8.93-5.247-15.981-12.848-20.419-21.955l-0.134-0.304c-2.675-5.551-4.238-12.069-4.238-18.953 0-3.436 0.389-6.781 1.127-9.994l-0.058 0.299c2.146-9.63 7.461-18.481 15.262-25.405 7.783-6.834 17.499-11.648 28.225-13.529l0.35-0.051c3.281-0.612 7.056-0.962 10.912-0.962 7.659 0 14.996 1.381 21.775 3.907l-0.431-0.141c10.216 3.755 18.944 10.118 25.064 18.286 6.144 8.168 9.411 17.749 9.411 27.55 0.024 6.534-1.39 13.019-4.194 19.066-3.015 6.34-7.086 11.705-12.041 16.095l-0.052 0.045c-5.169 4.632-11.337 8.29-18.139 10.801-6.353 2.409-13.698 3.803-21.368 3.803-0.013 0-0.027-0-0.040-0l0.002 0v-0.195zM644.096 840.265h-41.155v42.496h-21.431v-104.034h67.73v17.359h-46.299v26.868h41.155v17.286zM747.081 833.122c0 10.24-1.804 19.212-5.413 26.917-3.633 7.729-8.826 13.653-15.579 17.871-6.36 3.954-14.079 6.298-22.345 6.298-0.287 0-0.574-0.003-0.86-0.008l0.043 0.001c-0.38 0.013-0.827 0.020-1.276 0.020-16.513 0-30.765-9.686-37.383-23.686l-0.107-0.251c-3.575-7.541-5.662-16.384-5.662-25.715 0-0.303 0.002-0.605 0.007-0.906l-0.001 0.046v-5.169c0-10.24 1.853-19.237 5.51-26.99 3.706-7.802 8.923-13.8 15.653-17.92 6.754-4.194 14.482-6.29 23.138-6.29s16.335 2.097 23.064 6.29c6.778 4.145 11.971 10.118 15.653 17.92 3.706 7.753 5.559 16.725 5.559 26.917v4.632zM725.382 828.392c0-10.898-1.95-19.188-5.851-24.869-3.472-5.156-9.288-8.503-15.886-8.503-0.295 0-0.589 0.007-0.881 0.020l0.041-0.001c-0.243-0.011-0.527-0.017-0.813-0.017-6.573 0-12.368 3.326-15.796 8.386l-0.043 0.067c-3.901 5.583-5.851 13.751-5.925 24.576v5.071c0 10.606 1.95 18.846 5.851 24.698s9.533 8.777 16.872 8.777c0.253 0.012 0.549 0.019 0.846 0.019 6.536 0 12.297-3.319 15.69-8.363l0.043-0.068c3.852-5.656 5.803-13.897 5.851-24.722v-5.071zM816.567 855.454c0.011-0.18 0.017-0.391 0.017-0.604 0-3.52-1.669-6.65-4.258-8.642l-0.026-0.019c-2.853-2.194-7.997-4.486-15.433-6.851-6.85-2.135-12.686-4.558-18.249-7.436l0.622 0.292c-11.825-6.388-17.725-14.994-17.725-25.795 0-5.608 1.585-10.63 4.706-14.994 3.194-4.437 7.753-7.875 13.653-10.362 5.949-2.462 12.629-3.706 19.992-3.706 7.436 0 14.043 1.341 19.87 4.072 5.803 2.682 10.313 6.437 13.483 11.362 3.243 4.876 4.876 10.484 4.876 16.701h-21.455c0-4.754-1.463-8.46-4.486-11.069-2.999-2.682-7.217-3.998-12.629-3.998-5.242 0-9.314 1.122-12.215 3.365-2.657 1.906-4.367 4.985-4.367 8.464 0 0.084 0.001 0.168 0.003 0.252l-0-0.012c0 3.389 1.707 6.217 5.071 8.509 3.413 2.267 8.46 4.413 15.067 6.412 12.19 3.657 21.065 8.216 26.648 13.653 5.583 5.413 8.363 12.19 8.363 20.285 0 8.997-3.413 16.091-10.24 21.211-6.802 5.096-15.945 7.656-27.477 7.656-7.997 0-15.287-1.463-21.87-4.389-6.173-2.623-11.274-6.753-14.996-11.939l-0.072-0.105c-3.213-4.803-5.127-10.71-5.127-17.065 0-0.232 0.003-0.463 0.008-0.694l-0.001 0.034h21.48c0 11.459 6.851 17.213 20.578 17.213 5.096 0 9.070-1.024 11.947-3.072 2.601-1.871 4.275-4.889 4.275-8.298 0-0.143-0.003-0.285-0.009-0.426l0.001 0.020zM930.938 796.111h-31.842v86.65h-21.455v-86.65h-31.378v-17.359h84.699v17.359zM1005.787 837.681h-41.131v27.867h48.274v17.213h-69.705v-104.034h69.583v17.359h-48.152v24.795h41.155v16.774zM1064.009 844.678h-17.067v38.083h-21.431v-104.034h38.644c12.288 0 21.772 2.755 28.428 8.216 6.68 5.486 9.996 13.214 9.996 23.211 0 7.095-1.536 13.044-4.632 17.798-3.442 4.996-8.172 8.879-13.716 11.212l-0.206 0.077 22.479 42.496v0.975h-22.991l-19.505-38.034zM1046.942 827.319h17.31c5.364 0 9.509-1.341 12.483-4.047 2.738-2.688 4.434-6.427 4.434-10.564 0-0.281-0.008-0.56-0.023-0.836l0.002 0.038c0-4.925-1.39-8.777-4.194-11.581-2.779-2.804-7.022-4.218-12.8-4.218h-17.213v31.208zM1176.795 846.117v36.645h-21.431v-104.034h40.594c7.802 0 14.653 1.438 20.553 4.291 5.949 2.853 10.533 6.924 13.726 12.215 3.17 5.242 4.779 11.215 4.779 17.92 0 10.191-3.511 18.237-10.484 24.137-6.973 5.851-16.603 8.802-28.94 8.802h-18.773zM1176.795 828.757h19.139c5.681 0 9.996-1.341 12.922-3.998 3.023-2.682 4.51-6.485 4.51-11.435 0.011-0.23 0.017-0.5 0.017-0.772 0-4.473-1.711-8.547-4.515-11.602l0.011 0.013c-2.999-3.121-7.144-4.754-12.434-4.852h-19.651v32.67zM1312.354 837.681h-41.131v27.867h48.274v17.213h-69.681v-104.034h69.559v17.359h-48.152v24.795h41.155v16.774zM1411.803 796.111h-31.866v86.65h-21.406v-86.65h-31.451v-17.359h84.724v17.359zM1486.653 837.681h-41.106v27.867h48.274v17.213h-69.73v-104.034h69.583v17.359h-48.128v24.795h41.131v16.774zM1544.875 844.678h-17.067v38.083h-21.455v-104.034h38.668c12.288 0 21.772 2.755 28.428 8.216 6.656 5.486 9.996 13.214 9.996 23.211 0 7.095-1.536 13.044-4.632 17.798-3.447 5-8.186 8.885-13.74 11.212l-0.206 0.077 22.504 42.496v0.975h-22.991l-19.505-38.034zM1527.808 827.319h17.286c5.364 0 9.533-1.341 12.507-4.047 2.738-2.688 4.434-6.427 4.434-10.564 0-0.281-0.008-0.56-0.023-0.836l0.002 0.038c0-4.925-1.39-8.777-4.218-11.581-2.755-2.804-7.022-4.218-12.776-4.218h-17.213v31.208zM1653.736 855.479c0.011-0.182 0.017-0.395 0.017-0.609 0-3.531-1.679-6.669-4.282-8.661l-0.026-0.019c-2.853-2.194-7.997-4.486-15.433-6.851-6.85-2.135-12.687-4.559-18.25-7.436l0.623 0.293c-11.825-6.388-17.725-14.994-17.725-25.795 0-5.608 1.585-10.63 4.706-14.994 3.194-4.437 7.753-7.875 13.653-10.362 5.949-2.462 12.629-3.706 19.992-3.706 7.436 0 14.043 1.341 19.87 4.072 5.803 2.682 10.313 6.437 13.483 11.362 3.243 4.876 4.876 10.484 4.876 16.701h-21.455c0-4.754-1.463-8.46-4.486-11.069-2.999-2.682-7.217-3.998-12.629-3.998-5.242 0-9.314 1.122-12.215 3.365-2.657 1.906-4.367 4.985-4.367 8.464 0 0.084 0.001 0.168 0.003 0.252l-0-0.012c0 3.389 1.707 6.217 5.071 8.509 3.413 2.267 8.46 4.413 15.067 6.412 12.19 3.657 21.065 8.216 26.648 13.653 5.559 5.413 8.363 12.19 8.363 20.285 0 8.997-3.413 16.091-10.24 21.211-6.778 5.096-15.945 7.656-27.477 7.656-7.997 0-15.287-1.463-21.87-4.389-6.174-2.622-11.275-6.752-14.996-11.939l-0.072-0.105c-3.213-4.803-5.127-10.71-5.127-17.065 0-0.232 0.003-0.463 0.008-0.694l-0.001 0.034h21.48c0 11.459 6.851 17.213 20.578 17.213 5.096 0 9.070-1.024 11.947-3.072 2.601-1.871 4.275-4.889 4.275-8.298 0-0.143-0.003-0.285-0.009-0.426l0.001 0.020z"
        ],
        "attrs": [
          {
            "fill": "rgb(33, 150, 243)"
          }
        ],
        "width": 2072,
        "isMulticolor": false,
        "isMulticolor2": false,
        "grid": 0,
        "tags": [
          "group4"
        ],
        "colorPermutations": {
          "117117117117517718412552552551331502431": [
            {
              "f": 1
            }
          ]
        }
      },
      "attrs": [
        {
          "fill": "rgb(33, 150, 243)"
        }
      ],
      "properties": {
        "order": 9,
        "id": 10,
        "name": "group4",
        "prevSize": 32
      },
      "setIdx": 1,
      "setId": 2,
      "iconIdx": 7
    },
    {
      "icon": {
        "paths": [
          "M103.642 843.929c5.316 6.013 8.127 13.552 7.996 21.286 0.027 0.481 0.042 1.044 0.042 1.611 0 4.76-1.068 9.271-2.976 13.307l0.081-0.189c-2.292 4.849-5.519 8.913-9.478 12.107l-0.065 0.051c-9.021 6.216-20.185 9.928-32.216 9.928-1.321 0-2.632-0.045-3.931-0.133l0.176 0.010h-63.27v-134.863h61.963c1.096-0.076 2.375-0.119 3.664-0.119 11.4 0 22.011 3.377 30.888 9.184l-0.216-0.132c4.009 3.094 7.19 6.972 9.26 11.329 2.092 4.401 3.028 9.151 2.767 13.944 0.349 7.408-2.179 14.75-7.19 20.611-4.815 5.36-11.46 9.063-18.868 10.545 8.388 1.394 15.97 5.49 21.351 11.547zM29.435 823.579h26.493c6.013 0.392 11.983-1.198 16.842-4.488 1.926-1.597 3.457-3.603 4.469-5.889l0.041-0.103c0.779-1.741 1.232-3.773 1.232-5.91 0-0.45-0.020-0.896-0.060-1.336l0.004 0.057c0.027-0.34 0.042-0.735 0.042-1.134 0-2.181-0.456-4.255-1.279-6.132l0.038 0.098c-1.043-2.384-2.542-4.392-4.401-5.995l-0.021-0.018c-4.276-2.903-9.551-4.635-15.231-4.635-0.743 0-1.479 0.030-2.207 0.088l0.096-0.006h-26.079v35.404zM75.362 875.302c2.067-1.64 3.72-3.711 4.837-6.084l0.044-0.103c0.89-1.893 1.409-4.111 1.409-6.451 0-0.375-0.013-0.747-0.040-1.115l0.003 0.049c0.020-0.295 0.031-0.64 0.031-0.988 0-2.409-0.542-4.692-1.51-6.733l0.041 0.095c-1.191-2.486-2.871-4.564-4.93-6.181l-0.037-0.028c-4.556-3.091-10.176-4.934-16.227-4.934-0.622 0-1.24 0.020-1.853 0.058l0.084-0.004h-27.779v37.104h28.149c6.318 0.327 12.593-1.307 17.778-4.684zM230.291 901.926l-34.446-52.725h-12.963v52.725h-29.652v-134.885h56.146c1.197-0.087 2.594-0.136 4.002-0.136 13.208 0 25.399 4.354 35.215 11.706l-0.153-0.11c7.843 7.321 12.593 16.972 13.356 27.19 0.063 0.847 0.099 1.835 0.099 2.832 0 9.832-3.501 18.846-9.325 25.864l0.054-0.067c-6.965 7.168-16.187 12.109-26.518 13.672l-0.259 0.032 36.711 53.902h-32.245zM182.882 830.813h24.249c16.842 0 25.273-6.798 25.273-20.415 0.020-0.325 0.032-0.705 0.032-1.087 0-2.555-0.516-4.99-1.45-7.205l0.046 0.122c-1.142-2.744-2.773-5.074-4.805-6.984l-0.010-0.010c-4.605-3.476-10.425-5.568-16.734-5.568-0.828 0-1.647 0.036-2.457 0.107l0.105-0.007h-24.532l0.283 41.047zM392.388 874.757h-59.087l-10.436 27.169h-31.090l54.25-133.381h33.618l54.054 133.381h-31.069l-10.218-27.147zM384.479 854.343l-21.591-56.93-21.591 56.93h43.182zM595.293 901.926h-29.478l-65.994-91.724v91.724h-29.369v-134.907h29.369l66.015 92.269v-92.269h29.413v134.907zM763.272 869.637c-6.1 10.175-15.36 18.476-26.646 23.792-11.442 5.385-24.852 8.528-38.996 8.528-0.844 0-1.685-0.011-2.524-0.033l0.124 0.003h-52.377v-134.885h52.398c0.734-0.020 1.598-0.032 2.464-0.032 14.1 0 27.486 3.061 39.528 8.555l-0.596-0.244c11.264 5.229 20.545 13.421 26.624 23.53 6.057 10.981 9.216 23.094 9.216 35.404 0 12.288-3.159 24.402-9.216 35.382zM729.589 866.413c7.989-8.364 12.93-19.698 13.007-32.186l0-0.015c0-11.809-4.619-23.225-13.007-32.18-9.125-7.223-20.8-11.587-33.495-11.587-1.185 0-2.362 0.038-3.528 0.113l0.159-0.008h-20.436v87.323h20.436c1.011 0.067 2.192 0.105 3.381 0.105 12.688 0 24.358-4.355 33.597-11.653l-0.114 0.087zM410.82 16.711s379.926 131.333 371.886 321.383v321.449s-379.664-131.377-371.756-321.449l-0.131-321.383zM1121.171 584.29c71.767-45.209 154.755-73.205 241.403-81.441v-100.657c-99.829 35.252-184.538 99.132-241.403 182.098z",
          "M1078.076 614.618c58.717-108.283 160.528-191.837 284.498-233.494v-289.945s-541.086 187.087-529.648 457.728v457.663s24.118-8.366 62.050-24.053c0-14.619 0-29.391 1.743-44.228 11.177-125.625 76.408-242.056 181.357-323.693z",
          "M1026.614 784.624c2.832-31.744 9.172-63.139 18.933-93.707-65.362 70.482-104.927 157.957-113.141 250.096-0.806 8.693-1.242 17.386-1.438 26.363 45.133-19.749 79.305-36.551 112.777-54.489l-8.721 4.269c-9.586-43.596-12.419-88.217-8.41-132.532zM1048.118 786.279c-1.056 11.107-1.658 24.015-1.658 37.064 0 29.359 3.047 58.006 8.842 85.643l-0.474-2.702c147.826-81.005 313.954-206.151 307.527-357.376v-13.181c-105.625 10.828-204.43 53.095-281.273 120.331-16.958 38.083-28.671 82.256-32.846 128.603l-0.118 1.619z"
        ],
        "attrs": [
          {
            "fill": "rgb(175, 177, 184)"
          },
          {
            "fill": "rgb(175, 177, 184)"
          },
          {
            "fill": "rgb(175, 177, 184)"
          }
        ],
        "width": 1373,
        "isMulticolor": false,
        "isMulticolor2": false,
        "grid": 0,
        "tags": [
          "group5"
        ],
        "colorPermutations": {
          "117117117117517718412552552551331502431": [
            {
              "f": 2
            },
            {
              "f": 2
            },
            {
              "f": 2
            }
          ]
        }
      },
      "attrs": [
        {
          "fill": "rgb(175, 177, 184)"
        },
        {
          "fill": "rgb(175, 177, 184)"
        },
        {
          "fill": "rgb(175, 177, 184)"
        }
      ],
      "properties": {
        "order": 10,
        "id": 9,
        "name": "group5",
        "prevSize": 32
      },
      "setIdx": 1,
      "setId": 2,
      "iconIdx": 8
    },
    {
      "icon": {
        "paths": [
          "M1079.182 487.151c-8.676-11.19-13.908-25.429-13.908-40.89 0-1.53 0.051-3.048 0.152-4.552l-0.011 0.204v-65.627c0-20.093 4.551-35.385 13.699-45.852 9.102-10.468 24.781-15.656 46.99-15.61 20.867 0 35.703 4.46 44.442 13.358 9.557 11.355 14.222 25.236 13.153 39.231v15.428h-37.319v-15.633c0.114-5.097-0.228-10.217-1.092-15.269-0.643-3.696-2.58-6.854-5.319-9.057l-0.029-0.022c-3.355-2.247-7.483-3.586-11.924-3.586-0.561 0-1.116 0.021-1.666 0.063l0.073-0.004c-0.483-0.036-1.047-0.057-1.615-0.057-4.695 0-9.060 1.415-12.691 3.841l0.083-0.052c-3.087 2.479-5.299 5.936-6.168 9.897l-0.021 0.116c-0.947 4.496-1.49 9.663-1.49 14.956 0 0.446 0.004 0.891 0.012 1.335l-0.001-0.067v79.622c-0.592 7.669 1.070 15.36 4.779 22.346 1.939 2.4 4.457 4.259 7.344 5.375l0.12 0.041c2.19 0.872 4.728 1.377 7.383 1.377 0.798 0 1.585-0.046 2.36-0.134l-0.095 0.009c0.47 0.039 1.017 0.061 1.57 0.061 4.353 0 8.386-1.369 11.693-3.699l-0.064 0.043c2.883-2.401 4.898-5.756 5.561-9.576l0.014-0.096c0.865-5.279 1.274-10.627 1.161-15.952v-16.156h37.342v14.746c0.081 1.165 0.127 2.526 0.127 3.897 0 14.176-4.91 27.204-13.122 37.479l0.093-0.12c-8.579 9.739-23.211 14.609-44.692 14.609s-37.729-5.211-46.922-16.020zM1234.648 487.834c-9.421-10.24-14.154-25.099-14.154-44.783v-69.018c0-19.502 4.733-34.247 14.154-44.26s25.19-14.996 47.309-14.95c21.959 0 37.638 5.006 47.081 14.95 9.421 10.012 14.222 24.758 14.222 44.26v68.995c0 19.502-4.779 34.452-14.382 44.737-9.58 10.263-25.19 15.406-46.922 15.406s-37.797-5.211-47.332-15.337zM1299.342 471.268c3.391-6.372 4.915-13.403 4.483-20.412v-84.514c0.044-0.681 0.069-1.478 0.069-2.28 0-6.499-1.652-12.612-4.559-17.942l0.098 0.196c-1.978-2.442-4.551-4.327-7.502-5.444l-0.121-0.040c-2.171-0.849-4.684-1.34-7.313-1.34-0.896 0-1.778 0.057-2.643 0.168l0.103-0.011c-0.758-0.097-1.635-0.153-2.524-0.153-2.641 0-5.168 0.49-7.495 1.385l0.143-0.048c-3.087 1.168-5.673 3.060-7.643 5.474l-0.026 0.032c-3.413 6.235-4.938 13.107-4.483 20.025v84.878c-0.455 7.031 1.070 14.040 4.483 20.434 2.185 2.139 4.87 3.868 7.873 5.052 2.844 1.142 6.14 1.804 9.591 1.804s6.748-0.662 9.77-1.867l-0.178 0.063c3.026-1.183 5.689-2.913 7.873-5.052v-0.41zM1388.18 316.848h40.186l30.219 127.317 30.948-127.317h39.094l3.959 183.774h-28.922l-3.095-127.727-29.833 127.727h-23.211l-30.902-128.205-2.867 128.205h-29.218l3.641-183.774zM1577.643 316.848h62.623c36.068 0 54.113 17.385 54.113 52.178 0 33.314-19.001 49.971-56.98 49.926h-21.322v81.67h-38.662l0.228-183.797zM1631.141 395.378c3.823 0.432 7.691 0.137 11.378-0.887 3.664-1.001 7.054-2.662 9.876-4.915 4.437-6.212 6.394-13.494 5.575-20.753 0.022-0.599 0.035-1.303 0.035-2.010 0-5.215-0.694-10.269-1.994-15.073l0.093 0.403c-0.609-1.958-1.584-3.646-2.856-5.064l0.011 0.013c-1.352-1.504-2.967-2.741-4.777-3.645l-0.093-0.042c-4.502-1.903-9.737-3.009-15.231-3.009-0.71 0-1.415 0.018-2.116 0.055l0.098-0.004h-14.996v54.932h15.019zM1750.13 316.848h41.506l42.598 183.774h-36.045l-8.42-42.371h-37.023l-8.647 42.371h-36.568l42.576-183.774zM1785.606 436.975l-14.45-77.141-14.473 77.141h28.9zM1868.618 316.848h27.079l51.769 104.835v-104.835h32.085v183.774h-25.737l-52.11-109.454v109.454h-33.155l0.068-183.774zM2054.69 430.535l-43.054-113.436h36.272l26.283 72.886 24.644-72.886h35.499l-42.53 113.459v70.064h-37.092v-70.087zM1138.87 580.995v9.603h-31.539v74.684h-13.221v-74.684h-31.698v-9.603h76.459zM1237.743 665.281h-10.217c-0.084 0.006-0.183 0.009-0.282 0.009-0.966 0-1.863-0.301-2.6-0.815l0.015 0.010c-0.737-0.467-1.315-1.126-1.673-1.907l-0.011-0.028-9.125-20.025h-43.759l-9.102 20.025c-0.293 0.896-0.778 1.66-1.41 2.274l-0.001 0.001c-0.74 0.502-1.653 0.802-2.636 0.802-0.081 0-0.162-0.002-0.242-0.006l0.011 0h-10.194l38.662-84.287h13.426l39.14 83.968zM1173.732 633.993h36.477l-15.474-34.315c-0.981-2.156-1.95-4.793-2.737-7.508l-0.108-0.434c-0.546 1.593-1.001 3.14-1.456 4.483l-1.411 3.527-15.292 34.247zM1304.371 656.998c2.435 0.114 4.847 0.114 7.282 0 2.071-0.182 4.142-0.523 6.167-1.001 2.226-0.469 4.094-0.995 5.912-1.627l-0.337 0.102c1.707-0.592 3.413-1.343 5.188-2.071v-18.955h-15.474c-0.043 0.002-0.092 0.003-0.143 0.003-0.741 0-1.422-0.259-1.957-0.691l0.006 0.005c-0.247-0.179-0.446-0.407-0.587-0.672l-0.005-0.011c-0.116-0.222-0.184-0.486-0.184-0.765 0-0.027 0.001-0.054 0.002-0.081l-0 0.004v-6.463h30.015v32.313c-4.694 2.921-10.129 5.271-15.91 6.761l-0.406 0.089c-3.186 0.819-6.394 1.388-9.671 1.752-3.311 0.333-7.155 0.524-11.044 0.524-0.085 0-0.17-0-0.255-0l0.013 0c-0.146 0.001-0.319 0.002-0.491 0.002-6.797 0-13.325-1.151-19.401-3.268l0.414 0.125c-5.959-2.069-11.102-5.064-15.539-8.861l0.065 0.054c-4.134-3.661-7.491-8.095-9.861-13.088l-0.106-0.247c-2.245-4.985-3.554-10.806-3.554-16.933 0-0.199 0.001-0.398 0.004-0.596l-0 0.030c-0.002-0.152-0.003-0.331-0.003-0.51 0-6.178 1.282-12.057 3.594-17.385l-0.109 0.283c2.416-5.276 5.783-9.728 9.919-13.317l0.048-0.041c4.415-3.8 9.671-6.758 15.474-8.738 6.599-2.162 13.653-3.231 20.708-3.14 3.595 0 7.191 0.228 10.741 0.728 3.14 0.455 6.235 1.161 9.193 2.139 2.731 0.865 5.302 2.002 7.737 3.345 2.367 1.32 4.619 2.776 6.736 4.392l-3.709 5.211c-0.312 0.483-0.734 0.869-1.234 1.129l-0.018 0.008c-0.514 0.28-1.124 0.447-1.772 0.455l-0.002 0c-0.882-0.020-1.702-0.262-2.414-0.673l0.024 0.013c-1.564-0.736-2.809-1.404-4.020-2.123l0.22 0.121c-1.448-0.807-3.154-1.575-4.926-2.202l-0.24-0.074c-1.973-0.712-4.365-1.359-6.822-1.819l-0.3-0.047c-2.793-0.465-6.011-0.73-9.291-0.73-0.182 0-0.363 0.001-0.544 0.002l0.028-0c-0.139-0.002-0.303-0.002-0.467-0.002-5.173 0-10.146 0.859-14.783 2.442l0.322-0.095c-4.404 1.521-8.194 3.794-11.407 6.693l0.029-0.026c-3.055 2.866-5.487 6.357-7.097 10.272l-0.071 0.195c-1.641 4.17-2.592 9-2.592 14.052s0.951 9.881 2.684 14.32l-0.092-0.268c1.684 3.959 4.324 7.578 7.737 10.627 3.163 2.89 7.009 5.166 11.264 6.667 4.915 1.456 10.126 2.025 15.314 1.661zM1427.593 655.679h42.212v9.603h-55.091v-84.287h13.198l-0.296 74.684zM1513.7 665.281h-13.198v-84.287h13.198v84.287zM1562.874 581.404c0.794 0.384 1.467 0.897 2.020 1.518l0.006 0.006 56.502 63.534c-0.036-0.45-0.056-0.973-0.056-1.502s0.020-1.052 0.061-1.571l-0.004 0.069v-62.805h11.514v84.651h-6.645c-0.13 0.010-0.281 0.015-0.433 0.015-0.879 0-1.716-0.181-2.475-0.508l0.041 0.016c-0.804-0.423-1.488-0.955-2.066-1.587l-0.005-0.006-56.434-63.488v65.536h-11.059v-84.287h6.872c0.751 0 1.502 0.137 2.162 0.387zM1730.241 580.995v9.262h-46.831v27.83h37.956v8.943h-37.956v28.786h46.831v9.262h-60.439v-84.082h60.439zM345.020 60.439l586.98 143.883v504.218l-586.98-143.815v-504.309zM307.359 17.431v571.779l662.187 162.384v-571.711l-662.164-162.429z",
          "M662.278 1016.991l-662.278-162.52v-571.688l662.278 162.452v571.756z",
          "M318.35 53.953l579.311 142.086-246.352 212.764-579.425-142.154 246.465-212.719zM307.359 17.454l-307.359 265.33 662.278 162.475 307.291-265.398-662.187-162.406zM699.529 984.838l270.040-233.222-270.017-66.219v299.463z"
        ],
        "attrs": [
          {
            "fill": "rgb(175, 177, 184)"
          },
          {
            "fill": "rgb(175, 177, 184)"
          },
          {
            "fill": "rgb(175, 177, 184)"
          }
        ],
        "width": 2139,
        "isMulticolor": false,
        "isMulticolor2": false,
        "grid": 0,
        "tags": [
          "group6"
        ],
        "colorPermutations": {
          "117117117117517718412552552551331502431": [
            {
              "f": 2
            },
            {
              "f": 2
            },
            {
              "f": 2
            }
          ]
        }
      },
      "attrs": [
        {
          "fill": "rgb(175, 177, 184)"
        },
        {
          "fill": "rgb(175, 177, 184)"
        },
        {
          "fill": "rgb(175, 177, 184)"
        }
      ],
      "properties": {
        "order": 11,
        "id": 8,
        "name": "group6",
        "prevSize": 32
      },
      "setIdx": 1,
      "setId": 2,
      "iconIdx": 9
    },
    {
      "icon": {
        "paths": [
          "M200.397 486.605l-7.066-6.758-7.066 6.656-98.714 93.594 7.782 7.475 365.056 348.16 7.066-6.758 776.192-740.454-7.782-7.373-97.382-92.877-7.066 6.758-671.027 639.59-259.994-248.013z"
        ],
        "attrs": [
          {
            "fill": "rgb(255, 255, 255)",
            "stroke": "rgb(255, 255, 255)",
            "strokeLinejoin": "miter",
            "strokeLinecap": "butt",
            "strokeMiterlimit": "4",
            "strokeWidth": 20.480000000000004
          }
        ],
        "width": 1331,
        "isMulticolor": false,
        "isMulticolor2": false,
        "grid": 0,
        "tags": [
          "icon-check"
        ],
        "colorPermutations": {
          "117117117117517718412552552551331502431": [
            {
              "f": 3,
              "s": 3
            }
          ]
        }
      },
      "attrs": [
        {
          "fill": "rgb(255, 255, 255)",
          "stroke": "rgb(255, 255, 255)",
          "strokeLinejoin": "miter",
          "strokeLinecap": "butt",
          "strokeMiterlimit": "4",
          "strokeWidth": 20.480000000000004
        }
      ],
      "properties": {
        "order": 21,
        "id": 7,
        "name": "icon-check",
        "prevSize": 32
      },
      "setIdx": 1,
      "setId": 2,
      "iconIdx": 10
    },
    {
      "icon": {
        "paths": [
          "M1024 0l-1024 576 327.253 121.173 504.747-473.173-383.915 517.973 0.299 0.085-0.384-0.085v282.027l183.509-214.101 232.533 86.101 159.957-896z"
        ],
        "attrs": [
          {
            "fill": "rgb(255, 255, 255)"
          }
        ],
        "isMulticolor": false,
        "isMulticolor2": false,
        "grid": 0,
        "tags": [
          "icon-send"
        ],
        "colorPermutations": {
          "117117117117517718412552552551331502431": [
            {
              "f": 3
            }
          ]
        }
      },
      "attrs": [
        {
          "fill": "rgb(255, 255, 255)"
        }
      ],
      "properties": {
        "order": 22,
        "id": 6,
        "name": "icon-send",
        "prevSize": 32
      },
      "setIdx": 1,
      "setId": 2,
      "iconIdx": 11
    },
    {
      "icon": {
        "paths": [
          "M1022.976 301.056c-2.355-54.426-11.162-91.802-23.757-124.211-13.577-35.567-33.733-65.876-59.193-90.785l-0.045-0.044c-24.946-25.349-55.171-45.423-88.902-58.449l-1.722-0.585c-32.614-12.595-69.786-21.35-124.211-23.757-54.784-2.611-72.192-3.226-211.251-3.226-139.008 0-156.416 0.614-211.046 3.021-54.374 2.355-91.802 11.162-124.16 23.757-35.587 13.57-65.913 33.727-90.837 59.194l-0.043 0.044c-25.327 24.951-45.383 55.175-58.398 88.901l-0.585 1.723c-12.646 32.614-21.402 69.786-23.808 124.211-2.611 54.784-3.226 72.192-3.226 211.251 0 139.008 0.614 156.416 3.021 211.046 2.406 54.426 11.213 91.802 23.808 124.211 13.646 35.534 33.772 65.828 59.153 90.795l0.034 0.033c25.6 26.010 56.627 46.182 90.624 58.982 32.614 12.646 69.837 21.453 124.211 23.808 54.63 2.406 72.038 3.021 211.046 3.021 139.059 0 156.467-0.614 211.046-3.021 54.426-2.355 91.802-11.162 124.211-23.757 69.038-27.2 122.662-80.825 149.244-148.088l0.618-1.774c12.595-32.614 21.402-69.837 23.808-124.211 2.406-54.63 2.97-72.038 2.97-211.046s-0.205-156.416-2.56-211.046zM930.816 719.155c-2.253 50.022-10.65 77.005-17.613 95.027-17.663 44.783-52.473 79.56-96.128 96.777l-1.152 0.4c-17.92 7.014-45.158 15.411-94.976 17.613-54.016 2.406-70.195 3.021-206.848 3.021-136.602 0-153.037-0.614-206.848-3.021-50.022-2.202-77.005-10.598-95.027-17.613-23.057-8.61-42.695-21.63-58.74-38.157l-0.037-0.039c-16.538-16.11-29.565-35.738-37.882-57.683l-0.364-1.095c-6.963-18.022-15.36-45.21-17.562-95.027-2.406-54.016-3.021-70.246-3.021-206.848 0-136.653 0.614-153.088 3.021-206.848 2.202-50.022 10.598-77.005 17.562-95.027 8.599-23.112 21.698-42.78 38.348-58.779l0.052-0.049c16.136-16.537 35.801-29.551 57.785-37.833l1.095-0.362c17.92-7.014 45.158-15.36 94.976-17.613 54.016-2.355 70.246-2.97 206.848-2.97 136.806 0 153.037 0.614 206.848 2.97 50.022 2.202 77.005 10.598 95.027 17.613 22.17 8.192 42.394 21.197 58.778 38.195 16.998 16.64 30.003 36.608 38.246 58.88 6.963 17.92 15.36 45.158 17.562 94.976 2.406 54.016 3.021 70.195 3.021 206.848 0 136.602-0.614 152.576-3.021 206.643z",
          "M513.894 249.037c-145.253 0.058-262.985 117.808-263.014 263.063l-0 0.003c2.912 143.065 119.575 257.926 263.066 257.926s260.153-114.861 263.061-257.655l0.004-0.272c-0.029-145.275-117.79-263.036-263.063-263.066l-0.003-0zM513.894 682.701c-94.236-0.015-170.624-76.411-170.624-170.65 0-94.247 76.402-170.65 170.65-170.65 0.009 0 0.018 0 0.027 0l-0.001-0c94.261 0 170.675 76.414 170.675 170.675s-76.414 170.675-170.675 170.675l0-0zM848.794 238.643c0 33.932-27.508 61.44-61.44 61.44s-61.44-27.508-61.44-61.44l-0-0c0-33.932 27.508-61.44 61.44-61.44s61.44 27.508 61.44 61.44v-0z"
        ],
        "attrs": [
          {
            "fill": "rgb(175, 177, 184)"
          },
          {
            "fill": "rgb(175, 177, 184)"
          }
        ],
        "isMulticolor": false,
        "isMulticolor2": false,
        "grid": 0,
        "tags": [
          "instagram"
        ],
        "colorPermutations": {
          "117117117117517718412552552551331502431": [
            {
              "f": 2
            },
            {
              "f": 2
            }
          ]
        }
      },
      "attrs": [
        {
          "fill": "rgb(175, 177, 184)"
        },
        {
          "fill": "rgb(175, 177, 184)"
        }
      ],
      "properties": {
        "order": 15,
        "id": 5,
        "name": "instagram",
        "prevSize": 32
      },
      "setIdx": 1,
      "setId": 2,
      "iconIdx": 12
    },
    {
      "icon": {
        "paths": [
          "M1023.744 1024h0.256v-375.603c0-183.706-39.526-325.222-254.31-325.222-103.27 0-172.544 56.627-200.858 110.387h-2.97v-93.235h-203.674v683.622h212.070v-338.483c0-89.139 16.896-175.36 127.283-175.36 108.749 0 110.387 101.734 110.387 181.043v332.851h211.814zM16.896 340.326h212.326v683.674h-212.326v-683.674zM122.982 0c-67.921 0-122.982 55.061-122.982 122.982v0c0 67.84 55.091 124.109 122.982 124.109 67.84 0 122.931-56.218 122.931-124.109-0.029-67.892-55.044-122.924-122.926-122.982l-0.006-0z"
        ],
        "attrs": [
          {
            "fill": "rgb(175, 177, 184)"
          }
        ],
        "isMulticolor": false,
        "isMulticolor2": false,
        "grid": 0,
        "tags": [
          "linkedin"
        ],
        "colorPermutations": {
          "117117117117517718412552552551331502431": [
            {
              "f": 2
            }
          ]
        }
      },
      "attrs": [
        {
          "fill": "rgb(175, 177, 184)"
        }
      ],
      "properties": {
        "order": 16,
        "id": 4,
        "name": "linkedin",
        "prevSize": 32
      },
      "setIdx": 1,
      "setId": 2,
      "iconIdx": 13
    },
    {
      "icon": {
        "paths": [
          "M512 512c94.257 0 170.667-76.41 170.667-170.667s-76.41-170.667-170.667-170.667v0c-94.257 0-170.667 76.41-170.667 170.667s76.41 170.667 170.667 170.667v0zM512 597.333c-113.948 0-341.333 57.173-341.333 170.667v42.667c0 23.438 19.172 42.667 42.667 42.667h597.333c23.438 0 42.667-19.228 42.667-42.667v-42.667c0-113.493-227.442-170.667-341.333-170.667z"
        ],
        "attrs": [
          {}
        ],
        "isMulticolor": false,
        "isMulticolor2": false,
        "grid": 0,
        "tags": [
          "person-black"
        ],
        "colorPermutations": {
          "117117117117517718412552552551331502431": [
            {}
          ]
        }
      },
      "attrs": [
        {}
      ],
      "properties": {
        "order": 17,
        "id": 3,
        "name": "person-black",
        "prevSize": 32
      },
      "setIdx": 1,
      "setId": 2,
      "iconIdx": 14
    },
    {
      "icon": {
        "paths": [
          "M796.217 632.775l-104.562-11.947c-2.88-0.359-6.212-0.564-9.593-0.564-22.626 0-43.109 9.172-57.934 24.002l-75.776 75.776c-117.415-60.602-210.724-153.929-269.677-267.904l-1.626-3.456 76.231-76.060c14.829-14.825 24.002-35.309 24.002-57.934 0-3.381-0.205-6.713-0.603-9.987l0.039 0.394-11.947-103.765c-4.951-41.196-39.692-72.818-81.819-72.818-0.036 0-0.071 0-0.107 0l-71.219-0c-46.535 0-85.22 38.684-82.375 85.163 21.845 351.573 303.047 632.377 654.222 654.222 46.478 2.844 85.22-35.84 85.22-82.375v-71.225c0.001-0.117 0.001-0.256 0.001-0.395 0-41.848-31.51-76.336-72.098-81.034l-0.379-0.036z"
        ],
        "attrs": [
          {}
        ],
        "isMulticolor": false,
        "isMulticolor2": false,
        "grid": 0,
        "tags": [
          "phone-black"
        ],
        "colorPermutations": {
          "117117117117517718412552552551331502431": [
            {}
          ]
        }
      },
      "attrs": [
        {}
      ],
      "properties": {
        "order": 18,
        "id": 2,
        "name": "phone-black",
        "prevSize": 32
      },
      "setIdx": 1,
      "setId": 2,
      "iconIdx": 15
    },
    {
      "icon": {
        "paths": [
          "M544 0h-448c-52.928 0-96 43.072-96 96v832c0 52.928 43.072 96 96 96h448c52.928 0 96-43.072 96-96v-832c0-52.928-43.072-96-96-96zM96 64h448c17.673 0 32 14.327 32 32v0 672h-512v-672c0-17.673 14.327-32 32-32v0zM544 960h-448c-17.673 0-32-14.327-32-32v0-96h512v96c0 17.673-14.327 32-32 32v0z",
          "M150.656 879.296c5.767 5.232 9.374 12.755 9.374 21.12s-3.607 15.888-9.35 21.099l-0.024 0.021c-5.952 5.449-13.914 8.787-22.656 8.787s-16.704-3.339-22.681-8.81l0.025 0.023c-5.767-5.232-9.374-12.755-9.374-21.12s3.607-15.888 9.35-21.099l0.024-0.021c5.952-5.449 13.914-8.787 22.656-8.787s16.704 3.339 22.681 8.81l-0.025-0.023z"
        ],
        "attrs": [
          {
            "fill": "rgb(117, 117, 117)"
          },
          {
            "fill": "rgb(117, 117, 117)"
          }
        ],
        "width": 640,
        "isMulticolor": false,
        "isMulticolor2": false,
        "grid": 0,
        "tags": [
          "smartphone"
        ],
        "colorPermutations": {
          "117117117117517718412552552551331502431": [
            {
              "f": 0
            },
            {
              "f": 0
            }
          ]
        }
      },
      "attrs": [
        {
          "fill": "rgb(117, 117, 117)"
        },
        {
          "fill": "rgb(117, 117, 117)"
        }
      ],
      "properties": {
        "order": 19,
        "id": 1,
        "name": "smartphone",
        "prevSize": 32
      },
      "setIdx": 1,
      "setId": 2,
      "iconIdx": 16
    },
    {
      "icon": {
        "paths": [
          "M1024 194.509c-35.201 15.787-76.040 27.429-118.809 32.899l-2.176 0.227c43.522-26.13 76.217-66.496 91.947-114.543l0.418-1.476c-38.319 23.119-82.92 40.743-130.431 50.337l-2.689 0.453c-38.393-40.925-92.814-66.42-153.19-66.42-115.907 0-209.869 93.961-209.869 209.869 0 0.041 0 0.081 0 0.122l-0-0.006c0 16.64 1.382 32.666 4.864 47.872-174.541-8.499-328.96-92.16-432.691-219.546-18.048 30.373-28.761 66.941-28.877 106.002l-0 0.033c0 72.704 37.478 137.165 93.235 174.438-34.92-0.962-67.432-10.41-95.815-26.343l1.044 0.538v2.304c0.093 101.277 71.562 185.835 166.812 206.090l1.38 0.246c-15.959 4.362-34.284 6.869-53.194 6.869-0.649 0-1.297-0.003-1.945-0.009l0.099 0.001c-13.414 0-26.982-0.768-39.731-3.584 27.187 83.149 104.346 144.282 196.147 146.227-70.873 55.863-161.454 89.6-259.915 89.6-0.135 0-0.271-0-0.406-0l0.021 0c-0.589 0.003-1.286 0.005-1.984 0.005-17.005 0-33.758-1.081-50.193-3.178l1.95 0.203c90.444 59.073 201.183 94.211 320.128 94.211 0.675 0 1.35-0.001 2.025-0.003l-0.105 0c386.304 0 597.504-320 597.504-597.402 0-9.216-0.307-18.227-0.768-27.136 41.558-29.942 76.495-66.036 104.266-107.35l0.95-1.501z"
        ],
        "attrs": [
          {
            "fill": "rgb(175, 177, 184)"
          }
        ],
        "isMulticolor": false,
        "isMulticolor2": false,
        "grid": 0,
        "tags": [
          "twitter"
        ],
        "colorPermutations": {
          "117117117117517718412552552551331502431": [
            {
              "f": 2
            }
          ]
        }
      },
      "attrs": [
        {
          "fill": "rgb(175, 177, 184)"
        }
      ],
      "properties": {
        "order": 20,
        "id": 0,
        "name": "twitter",
        "prevSize": 32
      },
      "setIdx": 1,
      "setId": 2,
      "iconIdx": 17
    }
  ],
  "height": 1024,
  "preferences": {
    "showGlyphs": true,
    "showQuickUse": true,
    "showQuickUse2": true,
    "showSVGs": true,
    "fontPref": {
      "prefix": "icon-",
      "metadata": {
        "fontFamily": "icomoon"
      },
      "metrics": {
        "emSize": 1024,
        "baseline": 6.25,
        "whitespace": 50
      },
      "embed": false
    },
    "imagePref": {
      "prefix": "icon-",
      "png": true,
      "useClassSelector": true,
      "color": 0,
      "bgColor": 16777215,
      "classSelector": ".icon",
      "name": "icomoon"
    },
    "historySize": 50,
    "showCodes": true,
    "gridSize": 16
  }
}